<?xml version="1.0" encoding="UTF-8"?><TaskRepositories OutputVersion="2"><TaskRepository kind="web" url="http://190.188.255.130:222/redmine" version="unknown" encoding="UTF-8" timezone="America/Buenos_Aires" org.eclipse.mylyn.tasklist.repositories.proxy.usedefault="true" org.eclipse.mylyn.tasklist.repositories.savePassword="true" org.eclipse.mylyn.tasklist.repositories.httpauth.savePassword="false" org.eclipse.mylyn.tasklist.repositories.proxy.savePassword="false" category="org.eclipse.mylyn.category.bugs" org.eclipse.mylyn.brand.id="" org.eclipse.mylyn.tasklist.repositories.enabled="true" label="RedmineMylin" org.eclipse.mylyn.tasklist.repositories.httpauth.enabled="false" org.eclipse.mylyn.tasklist.repositories.proxy.hostname="" org.eclipse.mylyn.tasklist.repositories.proxy.port="" org.eclipse.mylyn.tasklist.repositories.proxy.enabled="true" org.eclipse.mylyn.tasklist.repositories.offline="false" editorExtension="none" avatarSupport="false" taskUrl="${serverUrl}/issues/" taskCreationUrl="${serverUrl}/projects/${projectId}/issues/new" queryUrl="${serverUrl}/issues.xml?key=${key}&amp;amp;project_id=${projectId}&amp;amp;limit=${limit}" queryPattern="&amp;lt;issue&amp;gt;&amp;lt;id&amp;gt;({Id}\d+)&amp;lt;\/id&amp;gt;.*?&amp;lt;tracker id=&amp;quot;\d+&amp;quot; name=&amp;quot;({Type}.*?)&amp;quot;\/&amp;gt;&amp;lt;status id=&amp;quot;\d+&amp;quot; name=&amp;quot;({Status}.*?)&amp;quot;\/&amp;gt;.*?&amp;lt;assigned_to id=&amp;quot;\d+&amp;quot; name=&amp;quot;({Owner}.*?)&amp;quot;\/&amp;gt;.*?&amp;lt;subject&amp;gt;({Description}.*?)&amp;lt;\/subject&amp;gt;" loginRequestUrl="" loginFormUrl="" loginTokenPattern="" org.eclipse.mylyn.tasklist.repositories.username="sambrana" queryMethod="GET" param_key="d086e984ca99eb56f9551adda2fa4d9463689e63" param_projectId="desarrollo-software-pc-monitor-de-rele" param_limit="100"><Property value="unknown" key="version"/><Property value="UTF-8" key="encoding"/><Property value="America/Buenos_Aires" key="timezone"/><Property value="true" key="org.eclipse.mylyn.tasklist.repositories.proxy.usedefault"/><Property value="true" key="org.eclipse.mylyn.tasklist.repositories.savePassword"/><Property value="false" key="org.eclipse.mylyn.tasklist.repositories.httpauth.savePassword"/><Property value="false" key="org.eclipse.mylyn.tasklist.repositories.proxy.savePassword"/><Property value="org.eclipse.mylyn.category.bugs" key="category"/><Property value="" key="org.eclipse.mylyn.brand.id"/><Property value="true" key="org.eclipse.mylyn.tasklist.repositories.enabled"/><Property value="RedmineMylin" key="label"/><Property value="false" key="org.eclipse.mylyn.tasklist.repositories.httpauth.enabled"/><Property value="" key="org.eclipse.mylyn.tasklist.repositories.proxy.hostname"/><Property value="" key="org.eclipse.mylyn.tasklist.repositories.proxy.port"/><Property value="true" key="org.eclipse.mylyn.tasklist.repositories.proxy.enabled"/><Property value="false" key="org.eclipse.mylyn.tasklist.repositories.offline"/><Property value="none" key="editorExtension"/><Property value="false" key="avatarSupport"/><Property value="${serverUrl}/issues/" key="taskUrl"/><Property value="${serverUrl}/projects/${projectId}/issues/new" key="taskCreationUrl"/><Property value="${serverUrl}/issues.xml?key=${key}&amp;project_id=${projectId}&amp;limit=${limit}" key="queryUrl"/><Property value="&lt;issue&gt;&lt;id&gt;({Id}\d+)&lt;\/id&gt;.*?&lt;tracker id=&quot;\d+&quot; name=&quot;({Type}.*?)&quot;\/&gt;&lt;status id=&quot;\d+&quot; name=&quot;({Status}.*?)&quot;\/&gt;.*?&lt;assigned_to id=&quot;\d+&quot; name=&quot;({Owner}.*?)&quot;\/&gt;.*?&lt;subject&gt;({Description}.*?)&lt;\/subject&gt;" key="queryPattern"/><Property value="" key="loginRequestUrl"/><Property value="" key="loginFormUrl"/><Property value="" key="loginTokenPattern"/><Property value="sambrana" key="org.eclipse.mylyn.tasklist.repositories.username"/><Property value="GET" key="queryMethod"/><Property value="d086e984ca99eb56f9551adda2fa4d9463689e63" key="param_key"/><Property value="desarrollo-software-pc-monitor-de-rele" key="param_projectId"/><Property value="100" key="param_limit"/></TaskRepository><TaskRepository kind="bugzilla" url="https://bugs.eclipse.org/bugs" version="4.4.7" encoding="UTF-8" timezone="America/Buenos_Aires" org.eclipse.mylyn.tasklist.repositories.proxy.usedefault="true" org.eclipse.mylyn.tasklist.repositories.savePassword="true" org.eclipse.mylyn.tasklist.repositories.httpauth.savePassword="true" org.eclipse.mylyn.tasklist.repositories.proxy.savePassword="true" label="Eclipse.org" org.eclipse.mylyn.tasklist.repositories.enabled="false" org.eclipse.mylyn.tasklist.repositories.template="true" category="org.eclipse.mylyn.category.bugs" avatarSupport="true" last.selection.product="4DIAC" last.selection.component="General"><Property value="4.4.7" key="version"/><Property value="UTF-8" key="encoding"/><Property value="America/Buenos_Aires" key="timezone"/><Property value="true" key="org.eclipse.mylyn.tasklist.repositories.proxy.usedefault"/><Property value="true" key="org.eclipse.mylyn.tasklist.repositories.savePassword"/><Property value="true" key="org.eclipse.mylyn.tasklist.repositories.httpauth.savePassword"/><Property value="true" key="org.eclipse.mylyn.tasklist.repositories.proxy.savePassword"/><Property value="Eclipse.org" key="label"/><Property value="false" key="org.eclipse.mylyn.tasklist.repositories.enabled"/><Property value="true" key="org.eclipse.mylyn.tasklist.repositories.template"/><Property value="org.eclipse.mylyn.category.bugs" key="category"/><Property value="true" key="avatarSupport"/><Property value="4DIAC" key="last.selection.product"/><Property value="General" key="last.selection.component"/></TaskRepository><TaskRepository kind="local" url="local" version="1" encoding="UTF-8" timezone="America/Buenos_Aires" org.eclipse.mylyn.tasklist.repositories.proxy.usedefault="true" org.eclipse.mylyn.tasklist.repositories.savePassword="true" org.eclipse.mylyn.tasklist.repositories.httpauth.savePassword="true" org.eclipse.mylyn.tasklist.repositories.proxy.savePassword="true" label="Local" category="org.eclipse.mylyn.category.tasks" editorExtension="org.eclipse.mylyn.wikitext.tasks.ui.editor.textileTaskEditorExtension" avatarSupport="false"><Property value="1" key="version"/><Property value="UTF-8" key="encoding"/><Property value="America/Buenos_Aires" key="timezone"/><Property value="true" key="org.eclipse.mylyn.tasklist.repositories.proxy.usedefault"/><Property value="true" key="org.eclipse.mylyn.tasklist.repositories.savePassword"/><Property value="true" key="org.eclipse.mylyn.tasklist.repositories.httpauth.savePassword"/><Property value="true" key="org.eclipse.mylyn.tasklist.repositories.proxy.savePassword"/><Property value="Local" key="label"/><Property value="org.eclipse.mylyn.category.tasks" key="category"/><Property value="org.eclipse.mylyn.wikitext.tasks.ui.editor.textileTaskEditorExtension" key="editorExtension"/><Property value="false" key="avatarSupport"/></TaskRepository></TaskRepositories>